model_id|edition_id|variant_code|color_code|color_name|color_hex|price_extra_vnd|interior_code|interior_name|updated_at
VF2|Tiêu chuẩn|TH14V|CE17|Desat Silver|#999999|0|||2026-08-14T11:36:33.756856Z
VF2|Tiêu chuẩn|TH14V|CE2G|Sky Blue|#999999|8000000|||2026-08-14T11:36:33.756856Z
VF2|Tiêu chuẩn|TH14V|CE2Q|Solar Ruby|#999999|0|||2026-08-14T11:36:33.756856Z
VF2|Tiêu chuẩn|TH14V|CE18|Infinity Blanc|#999999|0|||2026-08-14T11:36:33.756856Z
VF2|Tiêu chuẩn|TH14V|CE2T|Be Pebble|#999999|8000000|||2026-08-14T11:36:33.756856Z
VF2|Tiêu chuẩn|TH14V|CE1W|Urban Mint|#999999|8000000|||2026-08-14T11:36:33.756856Z
VF2|Tiêu chuẩn|TH14V|CE1U|Yellow|#999999|8000000|||2026-08-14T11:36:33.756856Z
VF2|Tiêu chuẩn|TH14V|CE21|Rose Pink|#999999|8000000|||2026-08-14T11:36:33.756856Z
VF3|Eco|TI1CV|CE2Q|Solar Ruby||0|||2026-08-14T11:36:33.756856Z
VF3|Eco|TI1CV|181U|Summer Yellow Body - Infinity Blanc Roof|#9e9e9e|8000000|||2026-08-14T11:36:33.756856Z
VF3|Eco|TI1CV|181Y|Sky Blue - Infinity Blanc Roof|#9e9e9e|8000000|||2026-08-14T11:36:33.756856Z
VF3|Eco|TI1CV|CE1W|Urban Mint|#191919|8000000|||2026-08-14T11:36:33.756856Z
VF3|Eco|TI1CV|CE1V|Zenith Grey|#033d2a|0|||2026-08-14T11:36:33.756856Z
VF3|Eco|TI1CV|CE18|Infinity Blanc|#E3E6E1|0|||2026-08-14T11:36:33.756856Z
VF3|Eco|TI1CV|1821|Rose Pink Body - Infinity Blanc Roof|#191919|8000000|||2026-08-14T11:36:33.756856Z
VF3|Plus|TI1BV|CE2Q|Solar Ruby||0|||2026-08-14T11:36:33.756856Z
VF3|Plus|TI1BV|181U|Summer Yellow Body - Infinity Blanc Roof|#9e9e9e|8000000|||2026-08-14T11:36:33.756856Z
VF3|Plus|TI1BV|181Y|Sky Blue - Infinity Blanc Roof|#9e9e9e|8000000|||2026-08-14T11:36:33.756856Z
VF3|Plus|TI1BV|CE1W|Urban Mint|#191919|8000000|||2026-08-14T11:36:33.756856Z
VF3|Plus|TI1BV|CE1V|Zenith Grey|#033d2a|0|||2026-08-14T11:36:33.756856Z
VF3|Plus|TI1BV|CE18|Infinity Blanc|#E3E6E1|0|||2026-08-14T11:36:33.756856Z
VF3|Plus|TI1BV|1821|Rose Pink Body - Infinity Blanc Roof|#191919|8000000|||2026-08-14T11:36:33.756856Z
VF5|Plus|GA12V|181Y|Sky Blue - Infinity Blanc Roof||8000000|||2026-08-14T11:36:33.756856Z
VF5|Plus|GA12V|CE2Q|Solar Ruby||0|||2026-08-14T11:36:33.756856Z
VF5|Plus|GA12V|111U|Summer Yellow Body - Jet Black Roof||8000000|||2026-08-14T11:36:33.756856Z
VF5|Plus|GA12V|CE1W|Urban Mint||8000000|||2026-08-14T11:36:33.756856Z
VF5|Plus|GA12V|CE1V|Zenith Grey||0|||2026-08-14T11:36:33.756856Z
VF5|Plus|GA12V|CE18|Infinity Blanc|#E3E6E1|0|||2026-08-14T11:36:33.756856Z
VF6|Eco|JB10V|CE18|Infinity Blanc|#E3E6E1|0|||2026-08-14T11:36:33.756856Z
VF6|Eco|JB10V|CE11|Jet Black|#E3E6E1|0|||2026-08-14T11:36:33.756856Z
VF6|Eco|JB10V|CE1V|Zenith Grey|#990000|0|||2026-08-14T11:36:33.756856Z
VF6|Eco|JB10V|CE1W|Urban Mint|#1663be|8000000|||2026-08-14T11:36:33.756856Z
VF6|Eco|JB10V|CE2Q|Solar Ruby|#E3E6E1|0|||2026-08-14T11:36:33.756856Z
VF6|Plus|JB12V|CE18|Infinity Blanc|#E3E6E1|0|||2026-08-14T11:36:33.756856Z
VF6|Plus|JB12V|CE11|Jet Black|#333539|0|||2026-08-14T11:36:33.756856Z
VF6|Plus|JB12V|CE1V|Zenith Grey|#E3E6E1|0|||2026-08-14T11:36:33.756856Z
VF6|Plus|JB12V|CE1W|Urban Mint|#990000|8000000|||2026-08-14T11:36:33.756856Z
VF6|Plus|JB12V|CE2Q|Solar Ruby|#333539|0|||2026-08-14T11:36:33.756856Z
VF7|Eco|GC15V|CE11|Jet Black|#040405|0|||2026-08-14T11:36:33.756856Z
VF7|Eco|GC15V|CE2Q|Solar Ruby|#990000|0|||2026-08-14T11:36:33.756856Z
VF7|Eco|GC15V|CE1W|Urban Mint|#040405|12000000|||2026-08-14T11:36:33.756856Z
VF7|Eco|GC15V|CE1V|Zenith Grey|#E3E6E1|0|||2026-08-14T11:36:33.756856Z
VF7|Eco|GC15V|CE18|Infinity Blanc|#E3E6E1|0|||2026-08-14T11:36:33.756856Z
VF7|Plus|GC12V|CE11|Jet Black|#040405|0|||2026-08-14T11:36:33.756856Z
VF7|Plus|GC12V|CE2Q|Solar Ruby|#990000|0|||2026-08-14T11:36:33.756856Z
VF7|Plus|GC12V|CE1W|Urban Mint|#E3E6E1|12000000|||2026-08-14T11:36:33.756856Z
VF7|Plus|GC12V|CE1V|Zenith Grey|#040405|0|||2026-08-14T11:36:33.756856Z
VF7|Plus|GC12V|CE18|Infinity Blanc|#E3E6E1|0|||2026-08-14T11:36:33.756856Z
VF8|Eco|ND31V|CE18|Infinity Blanc|#FFFFFF|0|||2026-08-14T11:36:33.756856Z
VF8|Eco|ND31V|CE1M|Crimson Red|#990000|0|||2026-08-14T11:36:33.756856Z
VF8|Eco|ND31V|CE11|Jet Black|#040405|0|||2026-08-14T11:36:33.756856Z
VF8|Eco|ND31V|171V|Zenith Grey - Desat Silver Roof|#990000|12000000|||2026-08-14T11:36:33.756856Z
VF8|Eco|ND31V|CE22|Ivy Green|#990000|0|||2026-08-14T11:36:33.756856Z
VF8|Eco|ND31V|1V18|Infinity Blanc - Zenith Grey Roof|#999999|12000000|||2026-08-14T11:36:33.756856Z
VF8|Eco|ND31V|2927|Crimson Velvet - Mystery Bronze Roof|#040405|12000000|||2026-08-14T11:36:33.756856Z
VF8|Eco|ND31V|2911|Jet Black - Mystery Bronze Roof|#FFFFFF|12000000|||2026-08-14T11:36:33.756856Z
VF8|Plus|ND32V|CE18|Infinity Blanc|#FFFFFF|0|||2026-08-14T11:36:33.756856Z
VF8|Plus|ND32V|CE1M|Crimson Red|#990000|0|||2026-08-14T11:36:33.756856Z
VF8|Plus|ND32V|CE11|Jet Black|#040405|0|||2026-08-14T11:36:33.756856Z
VF8|Plus|ND32V|171V|Zenith Grey - Desat Silver Roof|#999999|12000000|||2026-08-14T11:36:33.756856Z
VF8|Plus|ND32V|CE22|Ivy Green|#999999|0|||2026-08-14T11:36:33.756856Z
VF8|Plus|ND32V|1V18|Infinity Blanc - Zenith Grey Roof|#990000|12000000|||2026-08-14T11:36:33.756856Z
VF8|Plus|ND32V|2927|Crimson Velvet - Mystery Bronze Roof|#040405|12000000|||2026-08-14T11:36:33.756856Z
VF8|Plus|ND32V|2911|Jet Black - Mystery Bronze Roof|#FFFFFF|12000000|||2026-08-14T11:36:33.756856Z
VF9|Eco|NE3LV|CE18|Infinity Blanc|#FFFFFF|0|||2026-08-14T11:36:33.756856Z
VF9|Eco|NE3LV|CE1M|Crimson Red|#990000|0|||2026-08-14T11:36:33.756856Z
VF9|Eco|NE3LV|CE1W|Urban Mint|#FFFFFF|0|||2026-08-14T11:36:33.756856Z
VF9|Eco|NE3LV|CE11|Jet Black|#040405|0|||2026-08-14T11:36:33.756856Z
VF9|Eco|NE3LV|CE22|Ivy Green|#990000|12000000|||2026-08-14T11:36:33.756856Z
VF9|Eco|NE3LV|CE1V|Zenith Grey|#5F6363|0|||2026-08-14T11:36:33.756856Z
VF9|Eco|NE3LV|CE17|Desat Silver|#040405|12000000|||2026-08-14T11:36:33.756856Z
VF9|Plus tùy chọn 7 chỗ|NE3MV|CE18|Infinity Blanc|#FFFFFF|0|||2026-08-14T11:36:33.756856Z
VF9|Plus tùy chọn 7 chỗ|NE3MV|CE1M|Crimson Red|#990000|0|||2026-08-14T11:36:33.756856Z
VF9|Plus tùy chọn 7 chỗ|NE3MV|CE1W|Urban Mint|#5F6363|0|||2026-08-14T11:36:33.756856Z
VF9|Plus tùy chọn 7 chỗ|NE3MV|CE11|Jet Black|#040405|0|||2026-08-14T11:36:33.756856Z
VF9|Plus tùy chọn 7 chỗ|NE3MV|CE22|Ivy Green|#040405|12000000|||2026-08-14T11:36:33.756856Z
VF9|Plus tùy chọn 7 chỗ|NE3MV|CE1V|Zenith Grey|#990000|0|||2026-08-14T11:36:33.756856Z
VF9|Plus tùy chọn 7 chỗ|NE3MV|CE17|Desat Silver|#FFFFFF|12000000|||2026-08-14T11:36:33.756856Z
VF9|Plus tùy chọn ghế cơ trưởng|NE3NV|CE18|Infinity Blanc|#FFFFFF|0|||2026-08-14T11:36:33.756856Z
VF9|Plus tùy chọn ghế cơ trưởng|NE3NV|CE1M|Crimson Red|#990000|0|||2026-08-14T11:36:33.756856Z
VF9|Plus tùy chọn ghế cơ trưởng|NE3NV|CE1W|Urban Mint|#5F6363|0|||2026-08-14T11:36:33.756856Z
VF9|Plus tùy chọn ghế cơ trưởng|NE3NV|CE11|Jet Black|#FFFFFF|0|||2026-08-14T11:36:33.756856Z
VF9|Plus tùy chọn ghế cơ trưởng|NE3NV|CE22|Ivy Green|#040405|12000000|||2026-08-14T11:36:33.756856Z
VF9|Plus tùy chọn ghế cơ trưởng|NE3NV|CE1V|Zenith Grey|#990000|0|||2026-08-14T11:36:33.756856Z
VF9|Plus tùy chọn ghế cơ trưởng|NE3NV|CE17|Desat Silver|#FFFFFF|12000000|||2026-08-14T11:36:33.756856Z
VF8NEW|Comfort|HC11V|CE33|Starburst Blue|#999999|0|||2026-08-14T11:36:33.756856Z
VF8NEW|Comfort|HC11V|1832|Vitality Orange Body - Infinity Blanc Roof|#999999|12000000|||2026-08-14T11:36:33.756856Z
VF8NEW|Comfort|HC11V|1833|Starburst Blue Body - Infinity Blanc Roof|#999999|12000000|||2026-08-14T11:36:33.756856Z
VF8NEW|Comfort|HC11V|CE11|Jet Black|#999999|0|||2026-08-14T11:36:33.756856Z
VF8NEW|Comfort|HC11V|CE32|Vitality Orange|#999999|12000000|||2026-08-14T11:36:33.756856Z
VF8NEW|Comfort|HC11V|112Q|Solar Ruby Body - Jet Black Roof|#999999|12000000|||2026-08-14T11:36:33.756856Z
VF8NEW|Comfort|HC11V|3111|Jet Black Body - Stealth Gray Roof|#999999|12000000|||2026-08-14T11:36:33.756856Z
VF8NEW|Comfort|HC11V|CE2O|Mysterioso Purple|#999999|12000000|||2026-08-14T11:36:33.756856Z
VF8NEW|Comfort|HC11V|1132|Vitality Orange Body - Jet Black Roof|#999999|12000000|||2026-08-14T11:36:33.756856Z
VF8NEW|Comfort|HC11V|CE18|Infinity Blanc|#999999|0|||2026-08-14T11:36:33.756856Z
VF8NEW|Comfort|HC11V|CE2Q|Solar Ruby|#999999|0|||2026-08-14T11:36:33.756856Z
VF8NEW|Comfort|HC11V|312O|Mysterioso Purple Body - Stealth Gray Roof|#999999|12000000|||2026-08-14T11:36:33.756856Z
VFMPV7|Tiêu chuẩn|SL1WV|CE1V|Zenith Grey|#999999|0|||2026-08-14T11:36:33.756856Z
VFMPV7|Tiêu chuẩn|SL1WV|CE2J|Moonlit Ocean|#999999|10000000|||2026-08-14T11:36:33.756856Z
VFMPV7|Tiêu chuẩn|SL1WV|CE11|Jet Black|#999999|0|||2026-08-14T11:36:33.756856Z
VFMPV7|Tiêu chuẩn|SL1WV|CE18|Infinity Blanc|#999999|0|||2026-08-14T11:36:33.756856Z
VFMPV7|Tiêu chuẩn|SL1WV|CE2Q|Solar Ruby|#999999|0|||2026-08-14T11:36:33.756856Z
VFMPV7|Tiêu chuẩn|SL1WV|CE2N|Introspective Brown|#999999|10000000|||2026-08-14T11:36:33.756856Z
