model_id|version_code|version_name|color_code|color_name|color_type|color_fee_vnd|interior_code|interior_name|source_url
VF2|TH14V|TieuChuan|CE17|Desat Silver|Cơ bản|0||Grey|https://shop.vinfastauto.com/vn_vi/dat-coc-o-to-dien-vinfast.html?modelId=Products-Car-VF2
VF2|TH14V|TieuChuan|CE2G|Sky Blue|Nâng cao|8000000||Grey|https://shop.vinfastauto.com/vn_vi/dat-coc-o-to-dien-vinfast.html?modelId=Products-Car-VF2
VF2|TH14V|TieuChuan|CE2Q|Solar Ruby|Cơ bản|0||Grey|https://shop.vinfastauto.com/vn_vi/dat-coc-o-to-dien-vinfast.html?modelId=Products-Car-VF2
VF2|TH14V|TieuChuan|CE18|Infinity Blanc|Cơ bản|0||Grey|https://shop.vinfastauto.com/vn_vi/dat-coc-o-to-dien-vinfast.html?modelId=Products-Car-VF2
VF2|TH14V|TieuChuan|CE2T|Be Pebble|Nâng cao|8000000||Grey|https://shop.vinfastauto.com/vn_vi/dat-coc-o-to-dien-vinfast.html?modelId=Products-Car-VF2
VF2|TH14V|TieuChuan|CE1W|Urban Mint|Nâng cao|8000000||Grey|https://shop.vinfastauto.com/vn_vi/dat-coc-o-to-dien-vinfast.html?modelId=Products-Car-VF2
VF2|TH14V|TieuChuan|CE1U|Yellow|Nâng cao|8000000||Grey|https://shop.vinfastauto.com/vn_vi/dat-coc-o-to-dien-vinfast.html?modelId=Products-Car-VF2
VF2|TH14V|TieuChuan|CE21|Rose Pink|Nâng cao|8000000||Grey|https://shop.vinfastauto.com/vn_vi/dat-coc-o-to-dien-vinfast.html?modelId=Products-Car-VF2
VF3|TI1CV|Eco|CE2Q|Solar Ruby|Cơ bản|0|||https://shop.vinfastauto.com/vn_vi/dat-coc-o-to-dien-vinfast.html?modelId=Products-Car-VF3
VF3|TI1CV|Eco|181U|Summer Yellow Body - Infinity Blanc Roof|Nâng cao|8000000|||https://shop.vinfastauto.com/vn_vi/dat-coc-o-to-dien-vinfast.html?modelId=Products-Car-VF3
VF3|TI1CV|Eco|181Y|Sky Blue - Infinity Blanc Roof|Nâng cao|8000000|||https://shop.vinfastauto.com/vn_vi/dat-coc-o-to-dien-vinfast.html?modelId=Products-Car-VF3
VF3|TI1CV|Eco|CE1W|Urban Mint|Nâng cao|8000000|||https://shop.vinfastauto.com/vn_vi/dat-coc-o-to-dien-vinfast.html?modelId=Products-Car-VF3
VF3|TI1CV|Eco|CE1V|Zenith Grey|Cơ bản|0|||https://shop.vinfastauto.com/vn_vi/dat-coc-o-to-dien-vinfast.html?modelId=Products-Car-VF3
VF3|TI1CV|Eco|CE18|Infinity Blanc|Cơ bản|0|||https://shop.vinfastauto.com/vn_vi/dat-coc-o-to-dien-vinfast.html?modelId=Products-Car-VF3
VF3|TI1CV|Eco|1821|Rose Pink Body - Infinity Blanc Roof|Nâng cao|8000000|||https://shop.vinfastauto.com/vn_vi/dat-coc-o-to-dien-vinfast.html?modelId=Products-Car-VF3
VF3|TI1BV|Plus|CE2Q|Solar Ruby|Cơ bản|0|||https://shop.vinfastauto.com/vn_vi/dat-coc-o-to-dien-vinfast.html?modelId=Products-Car-VF3
VF3|TI1BV|Plus|181U|Summer Yellow Body - Infinity Blanc Roof|Nâng cao|8000000|||https://shop.vinfastauto.com/vn_vi/dat-coc-o-to-dien-vinfast.html?modelId=Products-Car-VF3
VF3|TI1BV|Plus|181Y|Sky Blue - Infinity Blanc Roof|Nâng cao|8000000|||https://shop.vinfastauto.com/vn_vi/dat-coc-o-to-dien-vinfast.html?modelId=Products-Car-VF3
VF3|TI1BV|Plus|CE1W|Urban Mint|Nâng cao|8000000|||https://shop.vinfastauto.com/vn_vi/dat-coc-o-to-dien-vinfast.html?modelId=Products-Car-VF3
VF3|TI1BV|Plus|CE1V|Zenith Grey|Cơ bản|0|||https://shop.vinfastauto.com/vn_vi/dat-coc-o-to-dien-vinfast.html?modelId=Products-Car-VF3
VF3|TI1BV|Plus|CE18|Infinity Blanc|Cơ bản|0|||https://shop.vinfastauto.com/vn_vi/dat-coc-o-to-dien-vinfast.html?modelId=Products-Car-VF3
VF3|TI1BV|Plus|1821|Rose Pink Body - Infinity Blanc Roof|Nâng cao|8000000|||https://shop.vinfastauto.com/vn_vi/dat-coc-o-to-dien-vinfast.html?modelId=Products-Car-VF3
VF5|GA12V|Plus|181Y|Sky Blue - Infinity Blanc Roof|Nâng cao|8000000|||https://shop.vinfastauto.com/vn_vi/dat-coc-o-to-dien-vinfast.html?modelId=Products-Car-VF5
VF5|GA12V|Plus|CE2Q|Solar Ruby|Cơ bản|0|||https://shop.vinfastauto.com/vn_vi/dat-coc-o-to-dien-vinfast.html?modelId=Products-Car-VF5
VF5|GA12V|Plus|111U|Summer Yellow Body - Jet Black Roof|Nâng cao|8000000|||https://shop.vinfastauto.com/vn_vi/dat-coc-o-to-dien-vinfast.html?modelId=Products-Car-VF5
VF5|GA12V|Plus|CE1W|Urban Mint|Nâng cao|8000000|||https://shop.vinfastauto.com/vn_vi/dat-coc-o-to-dien-vinfast.html?modelId=Products-Car-VF5
VF5|GA12V|Plus|CE1V|Zenith Grey|Cơ bản|0|||https://shop.vinfastauto.com/vn_vi/dat-coc-o-to-dien-vinfast.html?modelId=Products-Car-VF5
VF5|GA12V|Plus|CE18|Infinity Blanc|Cơ bản|0|||https://shop.vinfastauto.com/vn_vi/dat-coc-o-to-dien-vinfast.html?modelId=Products-Car-VF5
VF6|JB10V|Eco|CE18|Infinity Blanc|Cơ bản|0|||https://shop.vinfastauto.com/vn_vi/dat-coc-o-to-dien-vinfast.html?modelId=Products-Car-VF6
VF6|JB10V|Eco|CE11|Jet Black|Cơ bản|0|||https://shop.vinfastauto.com/vn_vi/dat-coc-o-to-dien-vinfast.html?modelId=Products-Car-VF6
VF6|JB10V|Eco|CE1V|Zenith Grey|Cơ bản|0|||https://shop.vinfastauto.com/vn_vi/dat-coc-o-to-dien-vinfast.html?modelId=Products-Car-VF6
VF6|JB10V|Eco|CE1W|Urban Mint|Nâng cao|8000000|||https://shop.vinfastauto.com/vn_vi/dat-coc-o-to-dien-vinfast.html?modelId=Products-Car-VF6
VF6|JB10V|Eco|CE2Q|Solar Ruby|Cơ bản|0|||https://shop.vinfastauto.com/vn_vi/dat-coc-o-to-dien-vinfast.html?modelId=Products-Car-VF6
VF6|JB12V|Plus|CE18|Infinity Blanc|Cơ bản|0|||https://shop.vinfastauto.com/vn_vi/dat-coc-o-to-dien-vinfast.html?modelId=Products-Car-VF6
VF6|JB12V|Plus|CE11|Jet Black|Cơ bản|0|||https://shop.vinfastauto.com/vn_vi/dat-coc-o-to-dien-vinfast.html?modelId=Products-Car-VF6
VF6|JB12V|Plus|CE1V|Zenith Grey|Cơ bản|0|||https://shop.vinfastauto.com/vn_vi/dat-coc-o-to-dien-vinfast.html?modelId=Products-Car-VF6
VF6|JB12V|Plus|CE1W|Urban Mint|Nâng cao|8000000|||https://shop.vinfastauto.com/vn_vi/dat-coc-o-to-dien-vinfast.html?modelId=Products-Car-VF6
VF6|JB12V|Plus|CE2Q|Solar Ruby|Cơ bản|0|||https://shop.vinfastauto.com/vn_vi/dat-coc-o-to-dien-vinfast.html?modelId=Products-Car-VF6
VF7|GC15V|Eco|CE11|Jet Black|Cơ bản|0|||https://shop.vinfastauto.com/vn_vi/dat-coc-o-to-dien-vinfast.html?modelId=Products-Car-VF7
VF7|GC15V|Eco|CE2Q|Solar Ruby|Cơ bản|0|||https://shop.vinfastauto.com/vn_vi/dat-coc-o-to-dien-vinfast.html?modelId=Products-Car-VF7
VF7|GC15V|Eco|CE1W|Urban Mint|Nâng cao|12000000|||https://shop.vinfastauto.com/vn_vi/dat-coc-o-to-dien-vinfast.html?modelId=Products-Car-VF7
VF7|GC15V|Eco|CE1V|Zenith Grey|Cơ bản|0|||https://shop.vinfastauto.com/vn_vi/dat-coc-o-to-dien-vinfast.html?modelId=Products-Car-VF7
VF7|GC15V|Eco|CE18|Infinity Blanc|Cơ bản|0|||https://shop.vinfastauto.com/vn_vi/dat-coc-o-to-dien-vinfast.html?modelId=Products-Car-VF7
VF7|GC12V|Plus|CE11|Jet Black|Cơ bản|0|||https://shop.vinfastauto.com/vn_vi/dat-coc-o-to-dien-vinfast.html?modelId=Products-Car-VF7
VF7|GC12V|Plus|CE2Q|Solar Ruby|Cơ bản|0|||https://shop.vinfastauto.com/vn_vi/dat-coc-o-to-dien-vinfast.html?modelId=Products-Car-VF7
VF7|GC12V|Plus|CE1W|Urban Mint|Nâng cao|12000000|||https://shop.vinfastauto.com/vn_vi/dat-coc-o-to-dien-vinfast.html?modelId=Products-Car-VF7
VF7|GC12V|Plus|CE1V|Zenith Grey|Cơ bản|0|||https://shop.vinfastauto.com/vn_vi/dat-coc-o-to-dien-vinfast.html?modelId=Products-Car-VF7
VF7|GC12V|Plus|CE18|Infinity Blanc|Cơ bản|0|||https://shop.vinfastauto.com/vn_vi/dat-coc-o-to-dien-vinfast.html?modelId=Products-Car-VF7
VF8|ND31V|Eco|CE18|Infinity Blanc|Cơ bản|0|||https://shop.vinfastauto.com/vn_vi/dat-coc-o-to-dien-vinfast.html?modelId=Products-Car-VF8
VF8|ND31V|Eco|CE1M|Crimson Red|Cơ bản|0|||https://shop.vinfastauto.com/vn_vi/dat-coc-o-to-dien-vinfast.html?modelId=Products-Car-VF8
VF8|ND31V|Eco|CE11|Jet Black|Cơ bản|0|||https://shop.vinfastauto.com/vn_vi/dat-coc-o-to-dien-vinfast.html?modelId=Products-Car-VF8
VF8|ND31V|Eco|171V|Zenith Grey - Desat Silver Roof|Nâng cao|12000000|||https://shop.vinfastauto.com/vn_vi/dat-coc-o-to-dien-vinfast.html?modelId=Products-Car-VF8
VF8|ND31V|Eco|CE22|Ivy Green|Cơ bản|0|||https://shop.vinfastauto.com/vn_vi/dat-coc-o-to-dien-vinfast.html?modelId=Products-Car-VF8
VF8|ND31V|Eco|1V18|Infinity Blanc - Zenith Grey Roof|Nâng cao|12000000|||https://shop.vinfastauto.com/vn_vi/dat-coc-o-to-dien-vinfast.html?modelId=Products-Car-VF8
VF8|ND31V|Eco|2927|Crimson Velvet - Mystery Bronze Roof|Nâng cao|12000000|||https://shop.vinfastauto.com/vn_vi/dat-coc-o-to-dien-vinfast.html?modelId=Products-Car-VF8
VF8|ND31V|Eco|2911|Jet Black - Mystery Bronze Roof|Nâng cao|12000000|||https://shop.vinfastauto.com/vn_vi/dat-coc-o-to-dien-vinfast.html?modelId=Products-Car-VF8
VF8|ND32V|Plus|CE18|Infinity Blanc|Cơ bản|0|||https://shop.vinfastauto.com/vn_vi/dat-coc-o-to-dien-vinfast.html?modelId=Products-Car-VF8
VF8|ND32V|Plus|CE1M|Crimson Red|Cơ bản|0|||https://shop.vinfastauto.com/vn_vi/dat-coc-o-to-dien-vinfast.html?modelId=Products-Car-VF8
VF8|ND32V|Plus|CE11|Jet Black|Cơ bản|0|||https://shop.vinfastauto.com/vn_vi/dat-coc-o-to-dien-vinfast.html?modelId=Products-Car-VF8
VF8|ND32V|Plus|171V|Zenith Grey - Desat Silver Roof|Nâng cao|12000000|||https://shop.vinfastauto.com/vn_vi/dat-coc-o-to-dien-vinfast.html?modelId=Products-Car-VF8
VF8|ND32V|Plus|CE22|Ivy Green|Cơ bản|0|||https://shop.vinfastauto.com/vn_vi/dat-coc-o-to-dien-vinfast.html?modelId=Products-Car-VF8
VF8|ND32V|Plus|1V18|Infinity Blanc - Zenith Grey Roof|Nâng cao|12000000|||https://shop.vinfastauto.com/vn_vi/dat-coc-o-to-dien-vinfast.html?modelId=Products-Car-VF8
VF8|ND32V|Plus|2927|Crimson Velvet - Mystery Bronze Roof|Nâng cao|12000000|||https://shop.vinfastauto.com/vn_vi/dat-coc-o-to-dien-vinfast.html?modelId=Products-Car-VF8
VF8|ND32V|Plus|2911|Jet Black - Mystery Bronze Roof|Nâng cao|12000000|||https://shop.vinfastauto.com/vn_vi/dat-coc-o-to-dien-vinfast.html?modelId=Products-Car-VF8
VF9|NE3LV|Eco|CE18|Infinity Blanc|Cơ bản|0|||https://shop.vinfastauto.com/vn_vi/dat-coc-o-to-dien-vinfast.html?modelId=Products-Car-VF9
VF9|NE3LV|Eco|CE1M|Crimson Red|Cơ bản|0|||https://shop.vinfastauto.com/vn_vi/dat-coc-o-to-dien-vinfast.html?modelId=Products-Car-VF9
VF9|NE3LV|Eco|CE1W|Urban Mint|Cơ bản|0|||https://shop.vinfastauto.com/vn_vi/dat-coc-o-to-dien-vinfast.html?modelId=Products-Car-VF9
VF9|NE3LV|Eco|CE11|Jet Black|Cơ bản|0|||https://shop.vinfastauto.com/vn_vi/dat-coc-o-to-dien-vinfast.html?modelId=Products-Car-VF9
VF9|NE3LV|Eco|CE22|Ivy Green|Nâng cao|12000000|||https://shop.vinfastauto.com/vn_vi/dat-coc-o-to-dien-vinfast.html?modelId=Products-Car-VF9
VF9|NE3LV|Eco|CE1V|Zenith Grey|Cơ bản|0|||https://shop.vinfastauto.com/vn_vi/dat-coc-o-to-dien-vinfast.html?modelId=Products-Car-VF9
VF9|NE3LV|Eco|CE17|Desat Silver|Nâng cao|12000000|||https://shop.vinfastauto.com/vn_vi/dat-coc-o-to-dien-vinfast.html?modelId=Products-Car-VF9
VF9|NE3MV|Plus tùy chọn 7 chỗ|CE18|Infinity Blanc|Cơ bản|0|||https://shop.vinfastauto.com/vn_vi/dat-coc-o-to-dien-vinfast.html?modelId=Products-Car-VF9
VF9|NE3MV|Plus tùy chọn 7 chỗ|CE1M|Crimson Red|Cơ bản|0|||https://shop.vinfastauto.com/vn_vi/dat-coc-o-to-dien-vinfast.html?modelId=Products-Car-VF9
VF9|NE3MV|Plus tùy chọn 7 chỗ|CE1W|Urban Mint|Cơ bản|0|||https://shop.vinfastauto.com/vn_vi/dat-coc-o-to-dien-vinfast.html?modelId=Products-Car-VF9
VF9|NE3MV|Plus tùy chọn 7 chỗ|CE11|Jet Black|Cơ bản|0|||https://shop.vinfastauto.com/vn_vi/dat-coc-o-to-dien-vinfast.html?modelId=Products-Car-VF9
VF9|NE3MV|Plus tùy chọn 7 chỗ|CE22|Ivy Green|Nâng cao|12000000|||https://shop.vinfastauto.com/vn_vi/dat-coc-o-to-dien-vinfast.html?modelId=Products-Car-VF9
VF9|NE3MV|Plus tùy chọn 7 chỗ|CE1V|Zenith Grey|Cơ bản|0|||https://shop.vinfastauto.com/vn_vi/dat-coc-o-to-dien-vinfast.html?modelId=Products-Car-VF9
VF9|NE3MV|Plus tùy chọn 7 chỗ|CE17|Desat Silver|Nâng cao|12000000|||https://shop.vinfastauto.com/vn_vi/dat-coc-o-to-dien-vinfast.html?modelId=Products-Car-VF9
VF9|NE3NV|PlusCaptain|CE18|Infinity Blanc|Cơ bản|0|||https://shop.vinfastauto.com/vn_vi/dat-coc-o-to-dien-vinfast.html?modelId=Products-Car-VF9
VF9|NE3NV|PlusCaptain|CE1M|Crimson Red|Cơ bản|0|||https://shop.vinfastauto.com/vn_vi/dat-coc-o-to-dien-vinfast.html?modelId=Products-Car-VF9
VF9|NE3NV|PlusCaptain|CE1W|Urban Mint|Cơ bản|0|||https://shop.vinfastauto.com/vn_vi/dat-coc-o-to-dien-vinfast.html?modelId=Products-Car-VF9
VF9|NE3NV|PlusCaptain|CE11|Jet Black|Cơ bản|0|||https://shop.vinfastauto.com/vn_vi/dat-coc-o-to-dien-vinfast.html?modelId=Products-Car-VF9
VF9|NE3NV|PlusCaptain|CE22|Ivy Green|Nâng cao|12000000|||https://shop.vinfastauto.com/vn_vi/dat-coc-o-to-dien-vinfast.html?modelId=Products-Car-VF9
VF9|NE3NV|PlusCaptain|CE1V|Zenith Grey|Cơ bản|0|||https://shop.vinfastauto.com/vn_vi/dat-coc-o-to-dien-vinfast.html?modelId=Products-Car-VF9
VF9|NE3NV|PlusCaptain|CE17|Desat Silver|Nâng cao|12000000|||https://shop.vinfastauto.com/vn_vi/dat-coc-o-to-dien-vinfast.html?modelId=Products-Car-VF9
VF8NEW|HC11V|Comfort|CE33|Starburst Blue|Cơ bản|0|||https://shop.vinfastauto.com/vn_vi/dat-coc-o-to-dien-vinfast.html?modelId=Products-Car-VF8NEW
VF8NEW|HC11V|Comfort|1832|Vitality Orange Body - Infinity Blanc Roof|Nâng cao|12000000|||https://shop.vinfastauto.com/vn_vi/dat-coc-o-to-dien-vinfast.html?modelId=Products-Car-VF8NEW
VF8NEW|HC11V|Comfort|1833|Starburst Blue Body - Infinity Blanc Roof|Nâng cao|12000000|||https://shop.vinfastauto.com/vn_vi/dat-coc-o-to-dien-vinfast.html?modelId=Products-Car-VF8NEW
VF8NEW|HC11V|Comfort|CE11|Jet Black|Cơ bản|0|||https://shop.vinfastauto.com/vn_vi/dat-coc-o-to-dien-vinfast.html?modelId=Products-Car-VF8NEW
VF8NEW|HC11V|Comfort|CE32|Vitality Orange|Nâng cao|12000000|||https://shop.vinfastauto.com/vn_vi/dat-coc-o-to-dien-vinfast.html?modelId=Products-Car-VF8NEW
VF8NEW|HC11V|Comfort|112Q|Solar Ruby Body - Jet Black Roof|Nâng cao|12000000|||https://shop.vinfastauto.com/vn_vi/dat-coc-o-to-dien-vinfast.html?modelId=Products-Car-VF8NEW
VF8NEW|HC11V|Comfort|3111|Jet Black Body - Stealth Gray Roof|Nâng cao|12000000|||https://shop.vinfastauto.com/vn_vi/dat-coc-o-to-dien-vinfast.html?modelId=Products-Car-VF8NEW
VF8NEW|HC11V|Comfort|CE2O|Mysterioso Purple|Nâng cao|12000000|||https://shop.vinfastauto.com/vn_vi/dat-coc-o-to-dien-vinfast.html?modelId=Products-Car-VF8NEW
VF8NEW|HC11V|Comfort|1132|Vitality Orange Body - Jet Black Roof|Nâng cao|12000000|||https://shop.vinfastauto.com/vn_vi/dat-coc-o-to-dien-vinfast.html?modelId=Products-Car-VF8NEW
VF8NEW|HC11V|Comfort|CE18|Infinity Blanc|Cơ bản|0|||https://shop.vinfastauto.com/vn_vi/dat-coc-o-to-dien-vinfast.html?modelId=Products-Car-VF8NEW
VF8NEW|HC11V|Comfort|CE2Q|Solar Ruby|Cơ bản|0|||https://shop.vinfastauto.com/vn_vi/dat-coc-o-to-dien-vinfast.html?modelId=Products-Car-VF8NEW
VF8NEW|HC11V|Comfort|312O|Mysterioso Purple Body - Stealth Gray Roof|Nâng cao|12000000|||https://shop.vinfastauto.com/vn_vi/dat-coc-o-to-dien-vinfast.html?modelId=Products-Car-VF8NEW
VFMPV7|SL1WV|TieuChuan|CE1V|Zenith Grey|Cơ bản|0|||https://shop.vinfastauto.com/vn_vi/dat-coc-o-to-dien-vinfast.html?modelId=Products-Car-VFMPV7
VFMPV7|SL1WV|TieuChuan|CE2J|Moonlit Ocean|Nâng cao|10000000|||https://shop.vinfastauto.com/vn_vi/dat-coc-o-to-dien-vinfast.html?modelId=Products-Car-VFMPV7
VFMPV7|SL1WV|TieuChuan|CE11|Jet Black|Cơ bản|0|||https://shop.vinfastauto.com/vn_vi/dat-coc-o-to-dien-vinfast.html?modelId=Products-Car-VFMPV7
VFMPV7|SL1WV|TieuChuan|CE18|Infinity Blanc|Cơ bản|0|||https://shop.vinfastauto.com/vn_vi/dat-coc-o-to-dien-vinfast.html?modelId=Products-Car-VFMPV7
VFMPV7|SL1WV|TieuChuan|CE2Q|Solar Ruby|Cơ bản|0|||https://shop.vinfastauto.com/vn_vi/dat-coc-o-to-dien-vinfast.html?modelId=Products-Car-VFMPV7
VFMPV7|SL1WV|TieuChuan|CE2N|Introspective Brown|Nâng cao|10000000|||https://shop.vinfastauto.com/vn_vi/dat-coc-o-to-dien-vinfast.html?modelId=Products-Car-VFMPV7
