STT,Mẫu xe,Mã phiên bản,Tên phiên bản,Mã màu,Tên màu ngoại thất,Phân loại màu,Phí màu nâng cao (đ),Số nội thất đi kèm,Mã nội thất,Tên nội thất,optionsName,Tùy chọn nâng cấp (giá tăng thêm),,,,,,,,,,,
1,VF 2,TH14V,Tiêu chuẩn,CE17,Desat Silver,Cơ bản,,1,CI1M,Grey,,,,,,,,,,,,,
2,VF 2,TH14V,Tiêu chuẩn,CE2G,Sky Blue,Nâng cao,8.000.000,1,CI1M,Grey,,,,,,,,,,,,,
3,VF 2,TH14V,Tiêu chuẩn,CE2Q,Solar Ruby,Cơ bản,,1,CI1M,Grey,,,,,,,,,,,,,
4,VF 2,TH14V,Tiêu chuẩn,CE18,Infinity Blanc,Cơ bản,,1,CI1M,Grey,,,,,,,,,,,,,
5,VF 2,TH14V,Tiêu chuẩn,CE2T,Be Pebble,Nâng cao,8.000.000,1,CI1M,Grey,,,,,,,,,,,,,
6,VF 2,TH14V,Tiêu chuẩn,CE1W,Urban Mint,Nâng cao,8.000.000,1,CI1M,Grey,,,,,,,,,,,,,
7,VF 2,TH14V,Tiêu chuẩn,CE1U,Yellow,Nâng cao,8.000.000,1,CI1M,Grey,,,,,,,,,,,,,
8,VF 2,TH14V,Tiêu chuẩn,CE21,Rose Pink,Nâng cao,8.000.000,1,CI1M,Grey,,,,,,,,,,,,,
9,VF 3,TI1CV,Eco,CE2Q,Solar Ruby,Cơ bản,,1,CI11,Black,,,,,,,,,,,,,
10,VF 3,TI1CV,Eco,181U,Summer Yellow Body - Infinity Blanc Roof,Nâng cao,8.000.000,1,CI11,Black,,,,,,,,,,,,,
11,VF 3,TI1CV,Eco,181Y,Sky Blue - Infinity Blanc Roof,Nâng cao,8.000.000,1,CI11,Black,,,,,,,,,,,,,
12,VF 3,TI1CV,Eco,CE1W,Urban Mint,Nâng cao,8.000.000,1,CI11,Black,,,,,,,,,,,,,
13,VF 3,TI1CV,Eco,CE1V,Zenith Grey,Cơ bản,,1,CI11,Black,,,,,,,,,,,,,
14,VF 3,TI1CV,Eco,CE18,Infinity Blanc,Cơ bản,,1,CI11,Black,,,,,,,,,,,,,
15,VF 3,TI1CV,Eco,1821,Rose Pink Body - Infinity Blanc Roof,Nâng cao,8.000.000,1,CI11,Black,,,,,,,,,,,,,
16,VF 3,TI1BV,Plus,CE2Q,Solar Ruby,Cơ bản,,1,CI11,Black,,,,,,,,,,,,,
17,VF 3,TI1BV,Plus,181U,Summer Yellow Body - Infinity Blanc Roof,Nâng cao,8.000.000,1,CI11,Black,,,,,,,,,,,,,
18,VF 3,TI1BV,Plus,181Y,Sky Blue - Infinity Blanc Roof,Nâng cao,8.000.000,1,CI11,Black,,,,,,,,,,,,,
19,VF 3,TI1BV,Plus,CE1W,Urban Mint,Nâng cao,8.000.000,1,CI11,Black,,,,,,,,,,,,,
20,VF 3,TI1BV,Plus,CE1V,Zenith Grey,Cơ bản,,1,CI11,Black,,,,,,,,,,,,,
21,VF 3,TI1BV,Plus,CE18,Infinity Blanc,Cơ bản,,1,CI11,Black,,,,,,,,,,,,,
22,VF 3,TI1BV,Plus,1821,Rose Pink Body - Infinity Blanc Roof,Nâng cao,8.000.000,1,CI11,Black,,,,,,,,,,,,,
23,VF 5,GA12V,Plus,181Y,Sky Blue - Infinity Blanc Roof,Nâng cao,8.000.000,1,CI11,Granite Black,,,,,,,,,,,,,
24,VF 5,GA12V,Plus,CE2Q,Solar Ruby,Cơ bản,,1,CI11,Granite Black,,,,,,,,,,,,,
25,VF 5,GA12V,Plus,111U,Summer Yellow Body - Jet Black Roof,Nâng cao,8.000.000,1,CI11,Granite Black,,,,,,,,,,,,,
26,VF 5,GA12V,Plus,CE1W,Urban Mint,Nâng cao,8.000.000,1,CI11,Granite Black,,,,,,,,,,,,,
27,VF 5,GA12V,Plus,CE1V,Zenith Grey,Cơ bản,,1,CI11,Granite Black,,,,,,,,,,,,,
28,VF 5,GA12V,Plus,CE18,Infinity Blanc,Cơ bản,,1,CI11,Granite Black,,,,,,,,,,,,,
29,VF 6,JB10V,Eco,CE18,Infinity Blanc,Cơ bản,,1,CI11,Black,,,,,,,,,,,,,
30,VF 6,JB10V,Eco,CE11,Jet Black,Cơ bản,,2,"CI11, CI13","Black, Cotton Beige",,,,,,,,,,,,,
31,VF 6,JB10V,Eco,CE1V,Zenith Grey,Cơ bản,,1,CI11,Black,,,,,,,,,,,,,
32,VF 6,JB10V,Eco,CE1W,Urban Mint,Nâng cao,8.000.000,1,CI11,Black,,,,,,,,,,,,,
33,VF 6,JB10V,Eco,CE2Q,Solar Ruby,Cơ bản,,2,"CI13, CI11","Cotton Beige, Black",,,,,,,,,,,,,
34,VF 6,JB12V,Plus,CE18,Infinity Blanc,Cơ bản,,1,CI18,Mocca Brown,,,,,,,,,,,,,
35,VF 6,JB12V,Plus,CE11,Jet Black,Cơ bản,,2,"CI13, CI18","Cotton Beige, Mocca Brown",,,,,,,,,,,,,
36,VF 6,JB12V,Plus,CE1V,Zenith Grey,Cơ bản,,1,CI18,Mocca Brown,,,,,,,,,,,,,
37,VF 6,JB12V,Plus,CE1W,Urban Mint,Nâng cao,8.000.000,1,CI18,Mocca Brown,,,,,,,,,,,,,
38,VF 6,JB12V,Plus,CE2Q,Solar Ruby,Cơ bản,,1,CI13,Cotton Beige,,,,,,,,,,,,,
39,VF 7,GC15V,Eco,CE11,Jet Black,Cơ bản,,2,"CI13, CI11","Cotton Beige, Black",,HUD (+10.000.000đ),,,,,,,,,,,
40,VF 7,GC15V,Eco,CE2Q,Solar Ruby,Cơ bản,,2,"CI11, CI13","Black, Cotton Beige",,HUD (+10.000.000đ),,,,,,,,,,,
41,VF 7,GC15V,Eco,CE1W,Urban Mint,Nâng cao,12.000.000,1,CI11,Black,,HUD (+10.000.000đ),,,,,,,,,,,
42,VF 7,GC15V,Eco,CE1V,Zenith Grey,Cơ bản,,1,CI11,Black,,HUD (+10.000.000đ),,,,,,,,,,,
43,VF 7,GC15V,Eco,CE18,Infinity Blanc,Cơ bản,,1,CI11,Black,,HUD (+10.000.000đ),,,,,,,,,,,
44,VF 7,GC12V,Plus,CE11,Jet Black,Cơ bản,,2,"CI18, CI13","Mocca Brown, Cotton Beige",,"Hai cầu (AWD, 2 động cơ) (+49.000.000đ); Trần kính toàn cảnh (+20.000.000đ)",,,,,,,,,,,
45,VF 7,GC12V,Plus,CE2Q,Solar Ruby,Cơ bản,,1,CI13,Cotton Beige,,"Hai cầu (AWD, 2 động cơ) (+49.000.000đ); Trần kính toàn cảnh (+20.000.000đ)",,,,,,,,,,,
46,VF 7,GC12V,Plus,CE1W,Urban Mint,Nâng cao,12.000.000,1,CI18,Mocca Brown,,"Hai cầu (AWD, 2 động cơ) (+49.000.000đ); Trần kính toàn cảnh (+20.000.000đ)",,,,,,,,,,,
47,VF 7,GC12V,Plus,CE1V,Zenith Grey,Cơ bản,,1,CI18,Mocca Brown,,"Hai cầu (AWD, 2 động cơ) (+49.000.000đ); Trần kính toàn cảnh (+20.000.000đ)",,,,,,,,,,,
48,VF 7,GC12V,Plus,CE18,Infinity Blanc,Cơ bản,,1,CI18,Mocca Brown,,"Hai cầu (AWD, 2 động cơ) (+49.000.000đ); Trần kính toàn cảnh (+20.000.000đ)",,,,,,,,,,,
49,VF 7,GC12V_CR151,Plus,CE11,Jet Black,Cơ bản,,2,"CI18, CI13","Mocca Brown, Cotton Beige",Trần kính toàn cảnh (+20.000.000đ),"Hai cầu (AWD, 2 động cơ) (+49.000.000đ); ✓ Trần kính toàn cảnh (+20.000.000đ)",,,,,,,,,,,
50,VF 7,GC12V_CR151,Plus,CE2Q,Solar Ruby,Cơ bản,,1,CI13,Cotton Beige,Trần kính toàn cảnh (+20.000.000đ),"Hai cầu (AWD, 2 động cơ) (+49.000.000đ); ✓ Trần kính toàn cảnh (+20.000.000đ)",,,,,,,,,,,
51,VF 7,GC12V_CR151,Plus,CE1W,Urban Mint,Nâng cao,12.000.000,1,CI18,Mocca Brown,Trần kính toàn cảnh (+20.000.000đ),"Hai cầu (AWD, 2 động cơ) (+49.000.000đ); ✓ Trần kính toàn cảnh (+20.000.000đ)",,,,,,,,,,,
52,VF 7,GC12V_CR151,Plus,CE1V,Zenith Grey,Cơ bản,,1,CI18,Mocca Brown,Trần kính toàn cảnh (+20.000.000đ),"Hai cầu (AWD, 2 động cơ) (+49.000.000đ); ✓ Trần kính toàn cảnh (+20.000.000đ)",,,,,,,,,,,
53,VF 7,GC12V_CR151,Plus,CE18,Infinity Blanc,Cơ bản,,1,CI18,Mocca Brown,Trần kính toàn cảnh (+20.000.000đ),"Hai cầu (AWD, 2 động cơ) (+49.000.000đ); ✓ Trần kính toàn cảnh (+20.000.000đ)",,,,,,,,,,,
54,VF 7,GC12V_T023,Plus,CE11,Jet Black,Cơ bản,,2,"CI18, CI13","Mocca Brown, Cotton Beige","Hai cầu (AWD, 2 động cơ) (+49.000.000đ)","✓ Hai cầu (AWD, 2 động cơ) (+49.000.000đ); Trần kính toàn cảnh (+20.000.000đ)",,,,,,,,,,,
55,VF 7,GC12V_T023,Plus,CE2Q,Solar Ruby,Cơ bản,,1,CI13,Cotton Beige,"Hai cầu (AWD, 2 động cơ) (+49.000.000đ)","✓ Hai cầu (AWD, 2 động cơ) (+49.000.000đ); Trần kính toàn cảnh (+20.000.000đ)",,,,,,,,,,,
56,VF 7,GC12V_T023,Plus,CE1W,Urban Mint,Nâng cao,12.000.000,1,CI18,Mocca Brown,"Hai cầu (AWD, 2 động cơ) (+49.000.000đ)","✓ Hai cầu (AWD, 2 động cơ) (+49.000.000đ); Trần kính toàn cảnh (+20.000.000đ)",,,,,,,,,,,
57,VF 7,GC12V_T023,Plus,CE1V,Zenith Grey,Cơ bản,,1,CI18,Mocca Brown,"Hai cầu (AWD, 2 động cơ) (+49.000.000đ)","✓ Hai cầu (AWD, 2 động cơ) (+49.000.000đ); Trần kính toàn cảnh (+20.000.000đ)",,,,,,,,,,,
58,VF 7,GC12V_T023,Plus,CE18,Infinity Blanc,Cơ bản,,1,CI18,Mocca Brown,"Hai cầu (AWD, 2 động cơ) (+49.000.000đ)","✓ Hai cầu (AWD, 2 động cơ) (+49.000.000đ); Trần kính toàn cảnh (+20.000.000đ)",,,,,,,,,,,
59,VF 7,GC12V_CR151_T023,Plus,CE11,Jet Black,Cơ bản,,2,"CI18, CI13","Mocca Brown, Cotton Beige","Trần kính toàn cảnh (+20.000.000đ); Hai cầu (AWD, 2 động cơ) (+49.000.000đ)","✓ Hai cầu (AWD, 2 động cơ) (+49.000.000đ); ✓ Trần kính toàn cảnh (+20.000.000đ)",,,,,,,,,,,
60,VF 7,GC12V_CR151_T023,Plus,CE2Q,Solar Ruby,Cơ bản,,1,CI13,Cotton Beige,"Trần kính toàn cảnh (+20.000.000đ); Hai cầu (AWD, 2 động cơ) (+49.000.000đ)","✓ Hai cầu (AWD, 2 động cơ) (+49.000.000đ); ✓ Trần kính toàn cảnh (+20.000.000đ)",,,,,,,,,,,
61,VF 7,GC12V_CR151_T023,Plus,CE1W,Urban Mint,Nâng cao,12.000.000,1,CI18,Mocca Brown,"Trần kính toàn cảnh (+20.000.000đ); Hai cầu (AWD, 2 động cơ) (+49.000.000đ)","✓ Hai cầu (AWD, 2 động cơ) (+49.000.000đ); ✓ Trần kính toàn cảnh (+20.000.000đ)",,,,,,,,,,,
62,VF 7,GC12V_CR151_T023,Plus,CE1V,Zenith Grey,Cơ bản,,1,CI18,Mocca Brown,"Trần kính toàn cảnh (+20.000.000đ); Hai cầu (AWD, 2 động cơ) (+49.000.000đ)","✓ Hai cầu (AWD, 2 động cơ) (+49.000.000đ); ✓ Trần kính toàn cảnh (+20.000.000đ)",,,,,,,,,,,
63,VF 7,GC12V_CR151_T023,Plus,CE18,Infinity Blanc,Cơ bản,,1,CI18,Mocca Brown,"Trần kính toàn cảnh (+20.000.000đ); Hai cầu (AWD, 2 động cơ) (+49.000.000đ)","✓ Hai cầu (AWD, 2 động cơ) (+49.000.000đ); ✓ Trần kính toàn cảnh (+20.000.000đ)",,,,,,,,,,,
64,VF 8,ND31V,Eco,CE18,Infinity Blanc,Cơ bản,,1,CI11,Granite Black,,,,,,,,,,,,,
65,VF 8,ND31V,Eco,CE1M,Crimson Red,Cơ bản,,1,CI11,Granite Black,,,,,,,,,,,,,
66,VF 8,ND31V,Eco,CE11,Jet Black,Cơ bản,,1,CI11,Granite Black,,,,,,,,,,,,,
67,VF 8,ND31V,Eco,171V,Zenith Grey - Desat Silver Roof,Nâng cao,12.000.000,1,CI11,Granite Black,,,,,,,,,,,,,
68,VF 8,ND31V,Eco,CE22,Ivy Green,Cơ bản,,1,CI11,Granite Black,,,,,,,,,,,,,
69,VF 8,ND31V,Eco,1V18,Infinity Blanc - Zenith Grey Roof,Nâng cao,12.000.000,1,CI11,Granite Black,,,,,,,,,,,,,
70,VF 8,ND31V,Eco,2927,Crimson Velvet - Mystery Bronze Roof,Nâng cao,12.000.000,1,CI11,Granite Black,,,,,,,,,,,,,
71,VF 8,ND31V,Eco,2911,Jet Black - Mystery Bronze Roof,Nâng cao,12.000.000,1,CI11,Granite Black,,,,,,,,,,,,,
72,VF 8,ND32V,Plus,CE18,Infinity Blanc,Cơ bản,,2,"CI11, CI12","Granite Black, Saddle Brown",,,,,,,,,,,,,
73,VF 8,ND32V,Plus,CE1M,Crimson Red,Cơ bản,,1,CI11,Granite Black,,,,,,,,,,,,,
74,VF 8,ND32V,Plus,CE11,Jet Black,Cơ bản,,2,"CI11, CI12","Granite Black, Saddle Brown",,,,,,,,,,,,,
75,VF 8,ND32V,Plus,171V,Zenith Grey - Desat Silver Roof,Nâng cao,12.000.000,2,"CI11, CI12","Granite Black, Saddle Brown",,,,,,,,,,,,,
76,VF 8,ND32V,Plus,CE22,Ivy Green,Cơ bản,,2,"CI12, CI11","Saddle Brown, Granite Black",,,,,,,,,,,,,
77,VF 8,ND32V,Plus,1V18,Infinity Blanc - Zenith Grey Roof,Nâng cao,12.000.000,2,"CI12, CI11","Saddle Brown, Granite Black",,,,,,,,,,,,,
78,VF 8,ND32V,Plus,2927,Crimson Velvet - Mystery Bronze Roof,Nâng cao,12.000.000,2,"CI11, CI12","Granite Black, Saddle Brown",,,,,,,,,,,,,
79,VF 8,ND32V,Plus,2911,Jet Black - Mystery Bronze Roof,Nâng cao,12.000.000,2,"CI11, CI12","Granite Black, Saddle Brown",,,,,,,,,,,,,
107,VF 8 The All New,HC11V,Comfort,CE33,Starburst Blue,Cơ bản,,2,"CI12, CI11","Saddle Brown, Black",,,,,,,,,,,,,
108,VF 8 The All New,HC11V,Comfort,1832,Vitality Orange Body - Infinity Blanc Roof,Nâng cao,12.000.000,1,CI11,Black,,,,,,,,,,,,,
109,VF 8 The All New,HC11V,Comfort,1833,Starburst Blue Body - Infinity Blanc Roof,Nâng cao,12.000.000,2,"CI12, CI11","Saddle Brown, Black",,,,,,,,,,,,,
110,VF 8 The All New,HC11V,Comfort,CE11,Jet Black,Cơ bản,,2,"CI11, CI12","Black, Saddle Brown",,,,,,,,,,,,,
111,VF 8 The All New,HC11V,Comfort,CE32,Vitality Orange,Nâng cao,12.000.000,1,CI11,Black,,,,,,,,,,,,,
112,VF 8 The All New,HC11V,Comfort,112Q,Solar Ruby Body - Jet Black Roof,Nâng cao,12.000.000,1,CI11,Black,,,,,,,,,,,,,
113,VF 8 The All New,HC11V,Comfort,3111,Jet Black Body - Stealth Gray Roof,Nâng cao,12.000.000,2,"CI11, CI12","Black, Saddle Brown",,,,,,,,,,,,,
114,VF 8 The All New,HC11V,Comfort,CE2O,Mysterioso Purple,Nâng cao,12.000.000,1,CI11,Black,,,,,,,,,,,,,
115,VF 8 The All New,HC11V,Comfort,1132,Vitality Orange Body - Jet Black Roof,Nâng cao,12.000.000,1,CI11,Black,,,,,,,,,,,,,
116,VF 8 The All New,HC11V,Comfort,CE18,Infinity Blanc,Cơ bản,,2,"CI11, CI12","Black, Saddle Brown",,,,,,,,,,,,,
117,VF 8 The All New,HC11V,Comfort,CE2Q,Solar Ruby,Cơ bản,,1,CI11,Black,,,,,,,,,,,,,
118,VF 8 The All New,HC11V,Comfort,312O,Mysterioso Purple Body - Stealth Gray Roof,Nâng cao,12.000.000,1,CI11,Black,,,,,,,,,,,,,
80,VF 9,NE3LV,Eco,CE18,Infinity Blanc,Cơ bản,,1,CI11,Granite Black,,,,,,,,,,,,,
81,VF 9,NE3LV,Eco,CE1M,Crimson Red,Cơ bản,,2,"CI11, CI13","Granite Black, Cotton Beige",,,,,,,,,,,,,
82,VF 9,NE3LV,Eco,CE1W,Urban Mint,Cơ bản,,1,CI11,Granite Black,,,,,,,,,,,,,
83,VF 9,NE3LV,Eco,CE11,Jet Black,Cơ bản,,2,"CI11, CI13","Granite Black, Cotton Beige",,,,,,,,,,,,,
84,VF 9,NE3LV,Eco,CE22,Ivy Green,Nâng cao,12.000.000,2,"CI11, CI13","Granite Black, Cotton Beige",,,,,,,,,,,,,
85,VF 9,NE3LV,Eco,CE1V,Zenith Grey,Cơ bản,,1,CI11,Granite Black,,,,,,,,,,,,,
86,VF 9,NE3LV,Eco,CE17,Desat Silver,Nâng cao,12.000.000,1,CI11,Granite Black,,,,,,,,,,,,,
87,VF 9,NE3MV,Plus tùy chọn 7 chỗ,CE18,Infinity Blanc,Cơ bản,,2,"CI12, CI11","Saddle Brown, Granite Black",Trần kính toàn cảnh,,,,,,,,,,,,
88,VF 9,NE3MV,Plus tùy chọn 7 chỗ,CE1M,Crimson Red,Cơ bản,,2,"CI11, CI13","Granite Black, Cotton Beige",Trần kính toàn cảnh,,,,,,,,,,,,
89,VF 9,NE3MV,Plus tùy chọn 7 chỗ,CE1W,Urban Mint,Cơ bản,,2,"CI11, CI12","Granite Black, Saddle Brown",Trần kính toàn cảnh,,,,,,,,,,,,
90,VF 9,NE3MV,Plus tùy chọn 7 chỗ,CE11,Jet Black,Cơ bản,,3,"CI11, CI13, CI12","Granite Black, Cotton Beige, Saddle Brown",Trần kính toàn cảnh,,,,,,,,,,,,
91,VF 9,NE3MV,Plus tùy chọn 7 chỗ,CE22,Ivy Green,Nâng cao,12.000.000,3,"CI12, CI11, CI13","Saddle Brown, Granite Black, Cotton Beige",Trần kính toàn cảnh,,,,,,,,,,,,
92,VF 9,NE3MV,Plus tùy chọn 7 chỗ,CE1V,Zenith Grey,Cơ bản,,2,"CI11, CI12","Granite Black, Saddle Brown",Trần kính toàn cảnh,,,,,,,,,,,,
93,VF 9,NE3MV,Plus tùy chọn 7 chỗ,CE17,Desat Silver,Nâng cao,12.000.000,2,"CI12, CI11","Saddle Brown, Granite Black",Trần kính toàn cảnh,,,,,,,,,,,,
94,VF 9,NE3NV,Plus tùy chọn ghế cơ trưởng,CE18,Infinity Blanc,Cơ bản,,2,"CI11, CI12","Granite Black, Saddle Brown",Trần kính toàn cảnh,,,,,,,,,,,,
95,VF 9,NE3NV,Plus tùy chọn ghế cơ trưởng,CE1M,Crimson Red,Cơ bản,,2,"CI11, CI13","Granite Black, Cotton Beige",Trần kính toàn cảnh,,,,,,,,,,,,
96,VF 9,NE3NV,Plus tùy chọn ghế cơ trưởng,CE1W,Urban Mint,Cơ bản,,2,"CI11, CI12","Granite Black, Saddle Brown",Trần kính toàn cảnh,,,,,,,,,,,,
97,VF 9,NE3NV,Plus tùy chọn ghế cơ trưởng,CE11,Jet Black,Cơ bản,,3,"CI13, CI12, CI11","Cotton Beige, Saddle Brown, Granite Black",Trần kính toàn cảnh,,,,,,,,,,,,
98,VF 9,NE3NV,Plus tùy chọn ghế cơ trưởng,CE22,Ivy Green,Nâng cao,12.000.000,3,"CI13, CI12, CI11","Cotton Beige, Saddle Brown, Granite Black",Trần kính toàn cảnh,,,,,,,,,,,,
99,VF 9,NE3NV,Plus tùy chọn ghế cơ trưởng,CE1V,Zenith Grey,Cơ bản,,2,"CI11, CI12","Granite Black, Saddle Brown",Trần kính toàn cảnh,,,,,,,,,,,,
100,VF 9,NE3NV,Plus tùy chọn ghế cơ trưởng,CE17,Desat Silver,Nâng cao,12.000.000,2,"CI12, CI11","Saddle Brown, Granite Black",Trần kính toàn cảnh,,,,,,,,,,,,
101,VF MPV 7,SL1WV,Tiêu chuẩn,CE1V,Zenith Grey,Cơ bản,,2,"CI11, CI18","Black, Mocca Brown",,,,,,,,,,,,,
102,VF MPV 7,SL1WV,Tiêu chuẩn,CE2J,Moonlit Ocean,Nâng cao,10.000.000,2,"CI18, CI11","Mocca Brown, Black",,,,,,,,,,,,,
103,VF MPV 7,SL1WV,Tiêu chuẩn,CE11,Jet Black,Cơ bản,,2,"CI18, CI11","Mocca Brown, Black",,,,,,,,,,,,,
104,VF MPV 7,SL1WV,Tiêu chuẩn,CE18,Infinity Blanc,Cơ bản,,2,"CI18, CI11","Mocca Brown, Black",,,,,,,,,,,,,
105,VF MPV 7,SL1WV,Tiêu chuẩn,CE2Q,Solar Ruby,Cơ bản,,1,CI11,Black,,,,,,,,,,,,,
106,VF MPV 7,SL1WV,Tiêu chuẩn,CE2N,Introspective Brown,Nâng cao,10.000.000,1,CI11,Black,,,,,,,,,,,,,
,,,,,,,,,,,,,,,,,,,,,,,
,,,,,,,,,,,,,,,,,,,,,,,
,,,,,,,,,,,,,,,,,,,,,,,
,,,,,,,,,,,,,,,,,,,,,,,
,,,,,,,,,,,,,,,,,,,,,,,
,,,,,,,,,,,,,,,,,,,,,,,
,,,,,,,,,,,,,,,,,,,,,,,
,,,,,,,,,,,,,,,,,,,,,,,
,,,,,,,,,,,,,,,,,,,,,,,
,,,,,,,,,,,,,,,,,,,,,,,
,,,,,,,,,,,,,,,,,,,,,,,
,,,,,,,,,,,,,,,,,,,,,,,
,,,,,,,,,,,,,,,,,,,,,,,
,,,,,,,,,,,,,,,,,,,,,,,
,,,,,,,,,,,,,,,,,,,,,,,
,,,,,,,,,,,,,,,,,,,,,,,
,,,,,,,,,,,,,,,,,,,,,,,
,,,,,,,,,,,,,,,,,,,,,,,
,,,,,,,,,,,,,,,,,,,,,,,
,,,,,,,,,,,,,,,,,,,,,,,
,,,,,,,,,,,,,,,,,,,,,,,
,,,,,,,,,,,,,,,,,,,,,,,
,,,,,,,,,,,,,,,,,,,,,,,
,,,,,,,,,,,,,,,,,,,,,,,
,,,,,,,,,,,,,,,,,,,,,,,
,,,,,,,,,,,,,,,,,,,,,,,
,,,,,,,,,,,,,,,,,,,,,,,
,,,,,,,,,,,,,,,,,,,,,,,
,,,,,,,,,,,,,,,,,,,,,,,
,,,,,,,,,,,,,,,,,,,,,,,
,,,,,,,,,,,,,,,,,,,,,,,
,,,,,,,,,,,,,,,,,,,,,,,
,,,,,,,,,,,,,,,,,,,,,,,
,,,,,,,,,,,,,,,,,,,,,,,
,,,,,,,,,,,,,,,,,,,,,,,
,,,,,,,,,,,,,,,,,,,,,,,
,,,,,,,,,,,,,,,,,,,,,,,
,,,,,,,,,,,,,,,,,,,,,,,
,,,,,,,,,,,,,,,,,,,,,,,
,,,,,,,,,,,,,,,,,,,,,,,
,,,,,,,,,,,,,,,,,,,,,,,